id,url,images
1534,https://actualseomedia.com/targeted-email,"[<img class=""size-large wp-image-9287"" height=""616"" src=""http://actualseomedia.com/wp/wp-content/uploads/2018/12/Importance-of-SEM-in-marketing-strategy-1-1024x616.jpeg"" width=""1024""/>]"
1539,https://actualseomedia.com/youtube-subscribers,"[<img alt="""" class=""wp-image-15177"" height=""261"" src=""http://actualseomedia.com/wp/wp-content/uploads/2020/05/55896-1024x741.jpg"" width=""361""/>]"
1540,https://actualseomedia.com/youtube-ratings,"[<img alt="""" border=""0"" height=""1"" src=""https://www.paypalobjects.com/en_US/i/scr/pixel.gif"" width=""1""/>]"
9145,https://actualseomedia.com/youtube-views,"[<img alt="""" height=""1"" src=""//www.googleadservices.com/pagead/conversion/980092549/?label=2uFWCKOIt3UQhY2s0wM&amp;guid=ON&amp;script=0"" style=""border-style:none;"" width=""1""/>]"
9146,https://actualseomedia.com/press-release-writer,"[<img alt="""" border=""0"" height=""1"" src=""https://www.paypalobjects.com/en_US/i/scr/pixel.gif"" width=""1""/>]"
1558,https://actualseomedia.com/mobile-seo-marketing-packages,"[<img alt="""" border=""0"" height=""1"" src=""https://www.paypalobjects.com/en_US/i/scr/pixel.gif"" width=""1""/>]"
1564,https://actualseomedia.com/banner-design,"[<img alt="""" class=""alignnone size-full wp-image-10687"" height=""626"" src=""http://actualseomedia.com/wp/wp-content/uploads/2019/07/banner-template-design_1201-153.jpg"" width=""626""/>, <img alt="""" class=""alignnone size-full wp-image-10686"" height=""626"" src=""http://actualseomedia.com/wp/wp-content/uploads/2019/07/green-circle-abstract-banner-template-design_1201-882.jpg"" width=""626""/>]"
1577,https://actualseomedia.com/photo-editing,"[<img alt="""" class=""wp-image-13034 size-medium"" height=""200"" src=""http://actualseomedia.com/wp/wp-content/uploads/2019/11/Houston-Actual-SEO-Media-300x200.jpg"" width=""300""/>]"
1597,https://actualseomedia.com/search-engine-submission,"[<img alt="""" class=""size-medium wp-image-13418 alignleft"" height=""200"" src=""http://actualseomedia.com/wp/wp-content/uploads/2019/11/Finding-SEO-blogs-300x200.jpg"" width=""300""/>]"
1600,https://actualseomedia.com/linkedin-business-connections,"[<img alt="""" class=""size-medium wp-image-12258 alignleft"" height=""225"" src=""http://actualseomedia.com/wp/wp-content/uploads/2019/10/logo-1-1-300x225.jpg"" width=""300""/>]"
925,https://actualseomedia.com/youtube-ranking,"[<img alt="""" class=""size-medium wp-image-11503 alignleft"" height=""225"" src=""http://actualseomedia.com/wp/wp-content/uploads/2019/10/logo-transparent-e1572455978438-300x225.jpg"" width=""300""/>]"
1330,https://actualseomedia.com/actual-seo-media-references,"[<img alt="""" class=""wp-image-14233 alignleft"" height=""138"" src=""http://actualseomedia.com/wp/wp-content/uploads/2019/12/12.jpg"" width=""141""/>, <img alt="""" class=""size-medium wp-image-15977 small-logo-reference"" height=""300"" src=""http://actualseomedia.com/wp/wp-content/uploads/2020/07/MEL-FAV-300x300.png"" width=""300""/>, <img alt="""" class=""size-medium wp-image-15974 small-logo-reference"" height=""284"" src=""http://actualseomedia.com/wp/wp-content/uploads/2020/07/tsspro-logo-light-dark-blue-v1-300x284.png"" width=""300""/>, <img alt="""" class=""size-medium wp-image-15972 small-logo-reference"" height=""79"" src=""http://actualseomedia.com/wp/wp-content/uploads/2020/07/logo-dark-scaled-1-300x79.png"" width=""300""/>, <img alt="""" class=""size-medium wp-image-15970 small-logo-reference"" height=""109"" src=""http://actualseomedia.com/wp/wp-content/uploads/2020/07/hvac-spring-tx-logo-3-300x109.png"" width=""300""/>, <img alt="""" class=""size-medium wp-image-15969 small-logo-reference"" height=""125"" src=""http://actualseomedia.com/wp/wp-content/uploads/2020/07/Titan-Business-300x125.jpg"" width=""300""/>, <img alt="""" class=""size-medium wp-image-14249 small-logo-reference"" height=""67"" src=""http://actualseomedia.com/wp/wp-content/uploads/2019/12/TRMALOGO-300x67.png"" width=""300""/>, <img alt="""" class=""size-medium wp-image-15969 small-logo-reference"" height=""125"" src=""http://actualseomedia.com/wp/wp-content/uploads/2020/07/Submit-Your-Assignments.jpeg"" width=""300""/>]"
1429,https://actualseomedia.com/leaders-in-houston-seo-services,"[<img alt="""" class=""size-medium wp-image-13061 alignleft"" height=""131"" src=""http://actualseomedia.com/wp/wp-content/uploads/2019/11/1-300x131.jpg"" width=""300""/>]"
1638,https://actualseomedia.com/seo-service-pearland-tx,"[<img alt="""" class=""size-medium wp-image-12270 alignright"" height=""200"" src=""http://actualseomedia.com/wp/wp-content/uploads/2019/11/735336-PS9NH4-61-1-300x200.jpg"" width=""300""/>]"
1731,https://actualseomedia.com/seo-services-austin-tx,"[<img alt="""" class=""wp-image-13263 size-medium alignright"" height=""276"" src=""http://actualseomedia.com/wp/wp-content/uploads/2019/11/10-300x276.jpg"" width=""300""/>]"
1970,https://actualseomedia.com/sugarlands-best-seo-company,"[<img alt="""" class=""size-medium wp-image-13257 alignright"" height=""201"" src=""http://actualseomedia.com/wp/wp-content/uploads/2019/11/11-tm-300x201.jpg"" width=""300""/>]"
2803,https://actualseomedia.com/internet-marketing-for-houston,"[<img alt="""" class=""wp-image-13034 size-medium alignright"" height=""200"" src=""http://actualseomedia.com/wp/wp-content/uploads/2019/11/Houston-Actual-SEO-Media-300x200.jpg"" width=""300""/>]"
2807,https://actualseomedia.com/seo-services-in-houston,"[<img alt="""" class=""size-medium wp-image-13263 alignleft"" height=""276"" src=""http://actualseomedia.com/wp/wp-content/uploads/2019/11/10-300x276.jpg"" width=""300""/>]"
2810,https://actualseomedia.com/houston-local-seo,"[<img alt="""" class=""size-medium wp-image-13057 aligncenter"" height=""111"" src=""http://actualseomedia.com/wp/wp-content/uploads/2019/11/image2-300x111.jpg"" width=""300""/>]"
2814,https://actualseomedia.com/search-engine-optimization-houston,"[<img alt="""" class=""size-medium wp-image-13338 alignright"" height=""96"" src=""http://actualseomedia.com/wp/wp-content/uploads/2019/11/seo1-300x96.jpg"" width=""300""/>]"
2820,https://actualseomedia.com/local-seo-company-houston,"[<img alt="""" class=""wp-image-13263 size-medium alignleft"" height=""276"" src=""http://actualseomedia.com/wp/wp-content/uploads/2019/11/10-300x276.jpg"" width=""300""/>]"
2826,https://actualseomedia.com/local-internet-marketing-houston,"[<img alt="""" class=""size-medium wp-image-13034 alignleft"" height=""200"" src=""http://actualseomedia.com/wp/wp-content/uploads/2019/11/Houston-Actual-SEO-Media-300x200.jpg"" width=""300""/>, <img alt="""" class=""size-medium wp-image-12270 alignleft"" height=""200"" src=""http://actualseomedia.com/wp/wp-content/uploads/2019/11/735336-PS9NH4-61-1-300x200.jpg"" width=""300""/>]"
2830,https://actualseomedia.com/houston-online-marketing,"[<img alt="""" class=""wp-image-13061 size-medium alignright"" height=""131"" src=""http://actualseomedia.com/wp/wp-content/uploads/2019/11/1-300x131.jpg"" width=""300""/>]"
2833,https://actualseomedia.com/houston-online-advertising,"[<img alt="""" class=""wp-image-12270 size-medium alignleft"" height=""200"" src=""http://actualseomedia.com/wp/wp-content/uploads/2019/11/735336-PS9NH4-61-1-300x200.jpg"" width=""300""/>]"
2872,https://actualseomedia.com/houston-search-engine-marketing,"[<img alt="""" class=""wp-image-12260 size-medium alignleft"" height=""225"" src=""http://actualseomedia.com/wp/wp-content/uploads/2019/10/logo-transparent-e1572455978438-1-300x225.jpg"" width=""300""/>]"
2877,https://actualseomedia.com/internet-marketing-agency-houston,"[<img alt="""" class=""size-medium wp-image-13057 alignleft"" height=""111"" src=""http://actualseomedia.com/wp/wp-content/uploads/2019/11/image2-300x111.jpg"" width=""300""/>]"
2879,https://actualseomedia.com/seo-agency-houston,"[<img alt="""" class=""size-medium wp-image-223 alignright"" height=""193"" src=""http://actualseomedia.com/wp/wp-content/uploads/2019/09/1376-300x193.jpg"" width=""300""/>]"
3322,https://actualseomedia.com/seo-expert-here-in-houston,"[<img alt="""" class=""size-medium wp-image-13263 alignleft"" height=""276"" src=""http://actualseomedia.com/wp/wp-content/uploads/2019/11/10-300x276.jpg"" width=""300""/>]"
3379,https://actualseomedia.com/sugar-land-tx-seo-company,"[<img alt="""" class=""aligncenter wp-image-8733"" src=""http://actualseomedia.com/wp/wp-content/uploads/2018/10/Wanting-Search-engine-Specialist.jpg""/>]"
3396,https://actualseomedia.com/seo-services-texas,"[<img alt="""" class=""size-medium wp-image-13263 alignleft"" height=""276"" src=""http://actualseomedia.com/wp/wp-content/uploads/2019/11/10-300x276.jpg"" width=""300""/>, <img alt="""" class=""size-medium wp-image-223 alignleft"" height=""193"" src=""http://actualseomedia.com/wp/wp-content/uploads/2019/09/1376-300x193.jpg"" width=""300""/>, <img alt="""" class=""wp-image-8697"" src=""http://actualseomedia.com/wp/wp-content/uploads/2018/10/EO-Service-copy-1-300x200.jpg""/>]"
3424,https://actualseomedia.com/seo-company-houston-heights-tx,"[<img alt="""" class=""size-medium wp-image-13034 alignleft"" height=""200"" src=""http://actualseomedia.com/wp/wp-content/uploads/2019/11/Houston-Actual-SEO-Media-300x200.jpg"" width=""300""/>]"
3467,https://actualseomedia.com/seo-company-west-university-tx,"[<img alt="""" class=""size-medium wp-image-13691 alignleft"" height=""170"" src=""http://actualseomedia.com/wp/wp-content/uploads/2019/11/marketing-300x170.jpg"" width=""300""/>]"
3847,https://actualseomedia.com/social-media-in-houston,"[<img alt="""" class=""size-medium wp-image-13263 alignleft"" height=""276"" src=""http://actualseomedia.com/wp/wp-content/uploads/2019/11/10-300x276.jpg"" width=""300""/>]"
4826,https://actualseomedia.com/backlink-service,"[<img alt="""" class=""aligncenter size-medium wp-image-4677"" height=""187"" src=""http://actualseomedia.com/wp/wp-content/uploads/2014/10/binary-1282370_960_720-300x187.jpg"" width=""300""/>]"
5510,https://actualseomedia.com/katy-seo-experts,"[<img alt="""" class=""size-medium wp-image-13263 alignright"" height=""276"" src=""http://actualseomedia.com/wp/wp-content/uploads/2019/11/10-300x276.jpg"" width=""300""/>]"
6362,https://actualseomedia.com/top-seo-company-sugar-land,"[<img alt="""" class=""size-medium wp-image-13338 alignleft"" height=""96"" src=""http://actualseomedia.com/wp/wp-content/uploads/2019/11/seo1-300x96.jpg"" width=""300""/>, <img alt="""" class=""wp-image-8697"" src=""http://actualseomedia.com/wp/wp-content/uploads/2018/10/EO-Service-copy-1-300x200.jpg""/>]"
6488,https://actualseomedia.com/seo-firm-sugar-land,"[<img alt="""" class=""wp-image-8697"" src=""http://actualseomedia.com/wp/wp-content/uploads/2018/10/EO-Service-copy-1-300x200.jpg""/>]"
6496,https://actualseomedia.com/website-design-katy,"[<img alt="""" class=""size-medium wp-image-12270 alignleft"" height=""200"" src=""http://actualseomedia.com/wp/wp-content/uploads/2019/11/735336-PS9NH4-61-1-300x200.jpg"" width=""300""/>]"
6499,https://actualseomedia.com/website-design-sugar-land,"[<img alt="""" class=""wp-image-13061 size-medium"" height=""131"" src=""http://actualseomedia.com/wp/wp-content/uploads/2019/11/1-300x131.jpg"" width=""300""/>]"
6511,https://actualseomedia.com/local-seo-sugar-land-tx,"[<img alt="""" class=""size-medium wp-image-13263 alignleft"" height=""276"" src=""http://actualseomedia.com/wp/wp-content/uploads/2019/11/10-300x276.jpg"" width=""300""/>]"
8333,https://actualseomedia.com/sugarland-seo,"[<img alt="""" class=""wp-image-7985"" src=""http://actualseomedia.com/wp/wp-content/uploads/2018/03/Beginners-Guide-to-SEO-Marketing.jpg""/>, <img alt="""" class=""aligncenter wp-image-7969"" src=""http://actualseomedia.com/wp/wp-content/uploads/2018/02/Top-Houston-Social-media-marketing-Services-300x158.jpeg""/>, <img alt="""" class=""wp-image-7978"" src=""http://actualseomedia.com/wp/wp-content/uploads/2018/03/background-1293455_960_720-1-300x290.jpg""/>]"
10054,https://actualseomedia.com/top-seo-consultants-sugar-land-tx,"[<img alt="""" class=""size-medium wp-image-13338 alignright"" height=""96"" src=""http://actualseomedia.com/wp/wp-content/uploads/2019/11/seo1-300x96.jpg"" width=""300""/>]"
10060,https://actualseomedia.com/sugar-land-seo-expert,"[<img alt="""" class=""wp-image-8697 size-medium"" height=""200"" src=""http://actualseomedia.com/wp/wp-content/uploads/2018/10/EO-Service-copy-1-300x200.jpg"" width=""300""/>]"
10065,https://actualseomedia.com/search-engine-optimization-in-sugar-land-tx,"[<img alt="""" class=""wp-image-8697 size-medium"" height=""200"" src=""http://actualseomedia.com/wp/wp-content/uploads/2018/10/EO-Service-copy-1-300x200.jpg"" width=""300""/>]"
10074,https://actualseomedia.com/seo-firm-sugar-land-tx,"[<img alt="""" class=""size-medium wp-image-13057 alignleft"" height=""111"" src=""http://actualseomedia.com/wp/wp-content/uploads/2019/11/image2-300x111.jpg"" width=""300""/>]"
2367,https://actualseomedia.com/local-houston-texas-seo-services,"[<img alt="""" class=""wp-image-8697 size-medium"" height=""200"" src=""http://actualseomedia.com/wp/wp-content/uploads/2018/10/EO-Service-copy-1-300x200.jpg"" width=""300""/>]"
2728,https://actualseomedia.com/website-advertising-houston,"[<img alt="""" class=""wp-image-13338 size-medium alignright"" height=""96"" src=""http://actualseomedia.com/wp/wp-content/uploads/2019/11/seo1-300x96.jpg"" width=""300""/>]"
2713,https://actualseomedia.com/houston-seo,"[<img alt="""" class=""size-medium wp-image-13034 alignright"" height=""200"" src=""http://actualseomedia.com/wp/wp-content/uploads/2019/11/Houston-Actual-SEO-Media-300x200.jpg"" width=""300""/>, <img alt="""" class=""alignright wp-image-10289"" height=""348"" src=""http://actualseomedia.com/wp/wp-content/uploads/2019/04/SEO-Houston-Texas-768x1024.jpg"" width=""261""/>]"
11211,https://actualseomedia.com/houston-tx-best-local-seo-company,"[<img alt="""" class=""wp-image-10287"" height=""403"" src=""http://actualseomedia.com/wp/wp-content/uploads/2019/04/houston-seo-768x1024.jpg"" width=""302""/>]"
11494,https://actualseomedia.com/what-is-a-blackhat-seo,"[<img alt="""" class=""size-full wp-image-11496"" height=""100"" src=""http://actualseomedia.com/wp/wp-content/uploads/2019/10/logo-Horizontal-400-x-100-white.jpg"" width=""400""/>]"
11489,https://actualseomedia.com/what-does-your-day-to-day-work-look-like-in-an-seo-agency,"[<img alt="""" class=""size-medium wp-image-12270 alignleft"" height=""200"" src=""http://actualseomedia.com/wp/wp-content/uploads/2019/11/735336-PS9NH4-61-1-300x200.jpg"" width=""300""/>]"
11554,https://actualseomedia.com/how-to-optimize-a-business-place-in-google-map-listing,"[<img alt="""" class=""wp-image-10285"" height=""332"" src=""http://actualseomedia.com/wp/wp-content/uploads/2019/04/seo-companies-in-houston-tx-1-1024x1024.png"" width=""332""/>]"
11861,https://actualseomedia.com/about-our-team,"[<img alt="""" class=""size-medium wp-image-13257 alignleft"" height=""201"" src=""http://actualseomedia.com/wp/wp-content/uploads/2019/11/11-tm-300x201.jpg"" width=""300""/>, <img alt="""" class=""wp-image-26217 alignright"" height=""416"" src=""https://actualseomedia.com/wp/wp-content/uploads/2021/04/LCM-pic-995x1024.jpg"" width=""405""/>, <img alt="""" class=""size-medium wp-image-223 alignleft"" height=""193"" src=""http://actualseomedia.com/wp/wp-content/uploads/2019/09/1376-300x193.jpg"" width=""300""/>, <img alt="""" class=""size-full wp-image-26192 aligncenter"" height=""180"" src=""https://actualseomedia.com/wp/wp-content/uploads/2021/04/IMG_3006A.jpg"" width=""460""/>, <img alt="""" class=""wp-image-26197 aligncenter"" height=""346"" src=""https://actualseomedia.com/wp/wp-content/uploads/2021/04/SteveG.jpg"" width=""458""/>, <img alt="""" class=""wp-image-26221 aligncenter"" height=""339"" src=""https://actualseomedia.com/wp/wp-content/uploads/2021/04/KN-picM.jpg"" width=""469""/>, <img alt="""" class=""wp-image-26196 aligncenter"" height=""373"" src=""https://actualseomedia.com/wp/wp-content/uploads/2021/04/Melissa-Gomez-1024x678.jpg"" width=""563""/>, <img alt="""" class=""size-medium-adjusted wp-image-26195 alignleft"" height=""450"" src=""https://actualseomedia.com/wp/wp-content/uploads/2021/04/IMG_8363-450x450.jpg"" width=""450""/>]"
15272,https://actualseomedia.com/houston-tx-online-marketing-companies,"[<img alt="""" class=""wp-image-12270"" height=""170"" src=""http://actualseomedia.com/wp/wp-content/uploads/2019/11/735336-PS9NH4-61-1-300x200.jpg"" width=""255""/>]"
16399,https://actualseomedia.com/houston-tx-adwords-agency,"[<img alt="""" class=""wp-image-15326"" height=""150"" src=""http://actualseomedia.com/wp/wp-content/uploads/2020/05/visibility-asm.png"" width=""184""/>]"
16512,https://actualseomedia.com/houston-tx-ppc-services,"[<img alt="""" class=""size-medium wp-image-13413"" height=""200"" src=""http://actualseomedia.com/wp/wp-content/uploads/2019/11/www.maxpixel.net-Skyline-Houston-Texas-Urban-City-Downtown-2609030-300x200.jpg"" width=""300""/>]"
16576,https://actualseomedia.com/houston-texas-google-ads-agency,"[<img alt="""" class=""wp-image-13691 size-medium"" height=""170"" src=""http://actualseomedia.com/wp/wp-content/uploads/2019/11/marketing-300x170.jpg"" width=""300""/>]"
19734,https://actualseomedia.com/cypress-tx-seo-company,"[<img alt="""" class=""size-medium wp-image-17061"" height=""200"" src=""http://actualseomedia.com/wp/wp-content/uploads/2020/07/Our-Locations-300x200.jpg"" width=""300""/>]"
20672,https://actualseomedia.com/top-seo-company-cypress-tx,"[<img alt="""" class="""" height="""" width=""""/>, <img alt="""" class="""" height="""" width=""""/>]"
21177,https://actualseomedia.com/the-woodlands,"[<img alt="""" class=""size-medium wp-image-8697"" height=""200"" src=""https://actualseomedia.com/wp/wp-content/uploads/2018/10/EO-Service-copy-1-300x200.jpg"" width=""300""/>, <img alt="""" class=""size-medium wp-image-8697"" height=""200"" src=""http://actualseomedia.com/wp/wp-content/uploads/2018/10/EO-Service-copy-1-300x200.jpg"" width=""300""/>]"
8331,https://actualseomedia.com/the-woodlands-google-local-seo,"[<img alt="""" class=""wp-image-13257 alignright"" height=""134"" src=""http://actualseomedia.com/wp/wp-content/uploads/2019/11/11-tm-300x201.jpg"" width=""200""/>]"
26232,https://actualseomedia.com/the-woodlands-tx-online-marketing,"[<img alt="""" class=""size-medium wp-image-26092"" height=""107"" src=""https://actualseomedia.com/wp/wp-content/uploads/2021/04/faq_wooden_cube-300x107.jpg"" width=""300""/>, <img alt="""" class=""size-medium wp-image-26091"" height=""120"" src=""https://actualseomedia.com/wp/wp-content/uploads/2021/04/seo_keywords_1600-300x120.jpg"" width=""300""/>]"
20698,https://actualseomedia.com/cypress-tx-ppc-management,"[<img alt="""" class=""wp-image-16667 size-medium"" height=""300"" src=""http://actualseomedia.com/wp/wp-content/uploads/2020/07/Actual-SEO-Office-Building-1-225x300.jpg"" width=""225""/>]"
