1534,1,11/20/2011 2:09,11/20/2011 2:09,"<h2><strong>Targeted Emails</strong></h2>
<hr />
<h3>Email Marketing</h3>
<img class=""size-large wp-image-9287"" src=""http://website.com/wp/wp-content/uploads/2018/12/Importance-of-SEM-in-marketing-strategy-1-1024x616.jpeg""  width=""1024"" height=""616"" />
",Targeted Email,,publish,open,open,,targeted-email,,,3/23/2021 16:23,3/23/2021 21:23,,11872,"https://actualseomedia.com/?page_id=1534
",0,page,,0
1535,1,11/20/2011 2:10,11/20/2011 2:10,"[caption id=""attachment_17060"" align=""alignnone"" width=""300""]<img class=""size-medium wp-image-17060"" src=""http://website.com/wp/wp-content/uploads/2020/07/IMA-Image-300x169.jpg"" alt=""Targeted Traffic"" width=""300"" height=""169"" /> Targeted Traffic[/caption]
<h4>Heading</h4>",Targeted Traffic,,publish,open,open,,targeted-traffic,,,10/1/2020 19:41,10/1/2020 19:41,,1551,"https://actualseomedia.com/?page_id=1535
",0,page,,1
9144,1,11/20/2011 2:13,11/20/2011 2:13,"<h2><strong>YouTube Favorites</strong></h2>
<strong>YouTube favorites</strong> <img class=""alignright wp-image-19154 "" src=""http://website.com/wp/wp-content/uploads/2020/08/best-seo-in-texas-768x1024.jpg"" alt=""YouTube Favorites"" width=""383"" height=""511"" />
[caption id=""attachment_12903"" align=""alignleft"" width=""108""]<img class=""wp-image-12903 size-full"" src=""http://website.com/wp/wp-content/uploads/2019/11/seo-rocket.png"" alt=""YouTube Favorites"" width=""108"" height=""122"" /> Research-backed methods, great results.[/caption]
<h2>Search Engine Optimization</h2>",YouTube Favorites,,publish,open,open,,youtube-favorites,,,3/23/2021 16:29,3/23/2021 21:29,,925,"https://actualseomedia.com/?page_id=9144
",0,page,,0
1539,1,11/20/2011 2:13,11/20/2011 2:13,"<h2><a href=""https://website.com/seo-services"">SEO Services for YouTube</a></h2>
<strong>YouTube Subscribers</strong> 
<img class=""alignright wp-image-16795 size-medium"" src=""http://website.com/wp/wp-content/uploads/2020/07/Actual-SEO-Logo-Transparent-Small-300x225.png"" alt=""YouTube Subscribers"" width=""300"" height=""225"" /> Lorem ipsum",YouTube Subscribers,,publish,open,open,,youtube-subscribers,,,3/11/2021 13:57,3/11/2021 19:57,,925,"https://actualseomedia.com/?page_id=1539
",0,page,,0
1540,1,11/20/2011 2:13,11/20/2011 2:13,"<h2>YouTube Ratings</h2>
[caption id=""attachment_15177"" align=""alignnone"" width=""300""]<img class=""size-medium wp-image-15177"" src=""http://website.com/wp/wp-content/uploads/2020/05/55896-300x217.jpg"" alt=""YouTube Ratings"" width=""300"" height=""217"" /> YouTube Ratings[/caption]
<h4>About Us</h4>",YouTube Ratings,,publish,open,open,,youtube-ratings,,,3/23/2021 16:29,3/23/2021 21:29,,925,"https://actualseomedia.com/?page_id=1540
",0,page,,0
9145,1,11/20/2011 2:15,11/20/2011 2:15,"There is no doubt that video promotion is the best way
[caption id=""attachment_8750"" align=""alignright"" width=""300""]<img class=""size-medium wp-image-8750"" src=""http://website.com/wp/wp-content/uploads/2017/06/58aad71ee2775662ee8717e170c8c522-1-300x169.jpeg"" alt=""Sugar Land"" width=""300"" height=""169"" /> YouTube can be a great asset to your blog and online marketing campaign[/caption]

Our company will provide you
<img height=""1"" width=""1"" style=""border-style:none;"" alt="""" src=""website.com/image.png""/></div>
",YouTube Views,,publish,open,open,,youtube-views,,,8/19/2020 16:53,8/19/2020 16:53,,925,"https://actualseomedia.com/?page_id=9145
",0,page,,0
